{"cameraMode":{"drawMode":0,"name":"Shaded","section":"Shading Mode"},"sceneLighting":false,"audioPlay":false,"sceneViewState":{"m_AlwaysRefresh":false,"showFog":true,"showSkybox":false,"showFlares":true,"showImageEffects":true,"showParticleSystems":true,"showVisualEffectGraphs":true,"m_FxEnabled":true},"in2DMode":false,"pivot":{"x":0.3300018310546875,"y":0.07000000029802323,"z":2.8464150428771974},"rotation":{"x":-0.0020726185757666828,"y":-0.8703850507736206,"z":0.4923671782016754,"w":-0.003663039533421397},"size":20.814701080322267,"orthographic":false}