{"cameraMode":{"drawMode":0,"name":"Shaded","section":"Shading Mode"},"sceneLighting":false,"audioPlay":false,"sceneViewState":{"m_AlwaysRefresh":false,"showFog":true,"showSkybox":false,"showFlares":true,"showImageEffects":true,"showParticleSystems":true,"showVisualEffectGraphs":true,"m_FxEnabled":true},"in2DMode":false,"pivot":{"x":0.3299999237060547,"y":0.004000000189989805,"z":16.969999313354493},"rotation":{"x":-0.006495846901088953,"y":0.8969312310218811,"z":-0.44194021821022036,"w":-0.013185404241085053},"size":15.807005882263184,"orthographic":false}